<?xml version="1.0" encoding="utf-8" ?>
<dwsync>
<file name="edi-pass.php" server="C:/wamp/www/Sigecop/" local="130183947689265107" remote="130183947680000000" Dst="0" />
<file name="MarcoIzquierdo.php" server="C:/wamp/www/Sigecop/" local="130186584037094487" remote="130186584030000000" Dst="0" />
<file name="contactos.php" server="C:/wamp/www/Sigecop/" local="130183919433469810" remote="130183919430000000" Dst="0" />
<file name="con-evaluacion.php" server="C:/wamp/www/Sigecop/" local="130184663220544912" remote="130184663220000000" Dst="0" />
<file name="olvido-clave.php" server="C:/wamp/www/Sigecop/" local="130183945844500649" remote="130183945840000000" Dst="0" />
<file name="MarcoDerecho.php" server="C:/wamp/www/Sigecop/" local="130183947325638748" remote="130183947320000000" Dst="0" />
<file name="reg_instituciones.php" server="C:/wamp/www/Sigecop/" local="130184602632976761" remote="130184602630000000" Dst="0" />
<file name="con-horario.php" server="C:/wamp/www/Sigecop/" local="130184660443637249" remote="130184660440000000" Dst="0" />
<file name="reg-evaluacion.php" server="C:/wamp/www/Sigecop/" local="130184656610643988" remote="130184656610000000" Dst="0" />
<file name="reg-horario.php" server="C:/wamp/www/Sigecop/" local="130184665587631597" remote="130184665580000000" Dst="0" />
<file name="edi-proyecto.php" server="C:/wamp/www/Sigecop/" local="130186402112844487" remote="130186402110000000" Dst="0" />
<file name="actualizar proyecto.php" server="C:/wamp/www/Sigecop/" local="130186296948289527" remote="130186296940000000" Dst="0" />
<file name="reg-est-tut-pro.php" server="C:/wamp/www/Sigecop/" local="130186509946094487" remote="130186509940000000" Dst="0" />
<file name="del-proyecto.php" server="C:/wamp/www/Sigecop/" local="130186528264714487" remote="130186528260000000" Dst="0" />
<file name="con-his-PNFI.php" server="C:/wamp/www/Sigecop/" local="130186588958074487" remote="130186588950000000" Dst="0" />
<file name="con-his-PNFHySL.php" server="C:/wamp/www/Sigecop/" local="130186588957204487" remote="130186588950000000" Dst="0" />
<file name="con-his-PNFE.php" server="C:/wamp/www/Sigecop/" local="130186588956274487" remote="130186588950000000" Dst="0" />
<file name="con-his-PNFIyC.php" server="C:/wamp/www/Sigecop/" local="130186588299634487" remote="130186588290000000" Dst="0" />
</dwsync>