<?xml version="1.0" encoding="utf-8" ?>
<dwsync>
<file name="arrow_down.png" server="C:/wamp/www/Sigecop/" local="129740685560000000" remote="129740685560000000" Dst="0" />
<file name="arrow_up.png" server="C:/wamp/www/Sigecop/" local="129740685360000000" remote="129740685360000000" Dst="0" />
<file name="bgnoise_lg.jpg" server="C:/wamp/www/Sigecop/" local="129740674140000000" remote="129740674140000000" Dst="0" />
<file name="icon-comentario-a.png" server="C:/wamp/www/Sigecop/" local="130136524574510183" remote="130136524570000000" Dst="0" />
<file name="icon-comentario-r.png" server="C:/wamp/www/Sigecop/" local="130136525501197650" remote="130136525500000000" Dst="0" />
<file name="icon-comentario-v.png" server="C:/wamp/www/Sigecop/" local="130136523169768292" remote="130136523160000000" Dst="0" />
<file name="icon-obligaAzul.png" server="C:/wamp/www/Sigecop/" local="130137018948938006" remote="130137018940000000" Dst="0" />
<file name="icon-obligaVerde.png" server="C:/wamp/www/Sigecop/" local="130137017977998028" remote="130137017970000000" Dst="0" />
<file name="icon-usuario-a.png" server="C:/wamp/www/Sigecop/" local="130136584543744106" remote="130136584540000000" Dst="0" />
<file name="icon-usuario-r.png" server="C:/wamp/www/Sigecop/" local="130136585477206418" remote="130136585470000000" Dst="0" />
<file name="icon-usuario-v.png" server="C:/wamp/www/Sigecop/" local="130136583638135906" remote="130136583630000000" Dst="0" />
<file name="iconsprite8.png" server="C:/wamp/www/Sigecop/" local="130137000073224005" remote="130137000070000000" Dst="0" />
<file name="LogoSigecop.png" server="C:/wamp/www/Sigecop/" local="130133288136066264" remote="130133288130000000" Dst="0" />
<file name="Logo_Izq.jpg" server="C:/wamp/www/Sigecop/" local="130094265381559605" remote="130094265380000000" Dst="0" />
<file name="separator.png" server="C:/wamp/www/Sigecop/" local="130133788007917324" remote="130133788000000000" Dst="0" />
<file name="social-icons.png" server="C:/wamp/www/Sigecop/" local="130136546568020659" remote="130136546560000000" Dst="0" />
<file name="social_google_box_blue.png" server="C:/wamp/www/Sigecop/" local="130133881056980915" remote="130133881050000000" Dst="0" />
<file name="twitter-icon.png" server="C:/wamp/www/Sigecop/" local="130133877743896717" remote="130133877740000000" Dst="0" />
</dwsync>