<?xml version="1.0" encoding="utf-8" ?>
<dwsync>
<file name="cabecera.php" server="C:/wamp/www/Sigecop/" local="130133717059694396" remote="130133717050000000" Dst="0" />
<file name="formulario.php" server="C:/wamp/www/Sigecop/" local="130136702869690849" remote="130136702860000000" Dst="0" />
<file name="login.php" server="C:/wamp/www/Sigecop/" local="130074289340373513" remote="130074289340000000" Dst="0" />
<file name="MarcoDerecho.php" server="C:/wamp/www/Sigecop/" local="130133759045629812" remote="130133759040000000" Dst="0" />
<file name="MarcoIzquierdo.php" server="C:/wamp/www/Sigecop/" local="130142716267543119" remote="130142716260000000" Dst="0" />
<file name="mensajes.php" server="C:/wamp/www/Sigecop/" local="130137022836546498" remote="130137022830000000" Dst="0" />
<file name="pie.php" server="C:/wamp/www/Sigecop/" local="130133313785719482" remote="130133313780000000" Dst="0" />
<file name="principal.php" server="C:/wamp/www/Sigecop/" local="130133897477064752" remote="130133897470000000" Dst="0" />
<file name="reg-docentes.php" server="C:/wamp/www/Sigecop/" local="130142995960933896" remote="130142995960000000" Dst="0" />
<file name="reg-docLin.php" server="C:/wamp/www/Sigecop/" local="130143537777595834" remote="130143537770000000" Dst="0" />
<file name="reg-estudiantes.php" server="C:/wamp/www/Sigecop/" local="130142991955507686" remote="130142991950000000" Dst="0" />
<file name="reg-lineasInv.php" server="C:/wamp/www/Sigecop/" local="130142691772470661" remote="130142691770000000" Dst="0" />
</dwsync>